{
    "wallet": {
        "addressKeyName": "wl1",
        "addressRestoreMnemonic": "mnemonic 1",
        "alloraHomeDir": "",
        "gas": "1000000",
        "gasAdjustment": 1.0,
        "nodeRpc": "https://allora-rpc.testnet.allora.network/",
        "maxRetries": 1,
        "delay": 1,
        "submitTx": true
    },
    "worker": [
        {
            "topicId": 7,
            "inferenceEntrypointName": "api-worker-reputer",
            "loopSeconds": 5,
            "parameters": {
                "InferenceEndpoint": "http://inference:8000/inference/{Token}",
                "Token": "ETH"
            }
        },
        {
            "topicId": 8,
            "inferenceEntrypointName": "api-worker-reputer",
            "loopSeconds": 5,
            "parameters": {
                "InferenceEndpoint": "http://inference:8000/inference/{Token}",
                "Token": "BNB"
            }
        },
        {
            "topicId": 9,
            "inferenceEntrypointName": "api-worker-reputer",
            "loopSeconds": 5,
            "parameters": {
                "InferenceEndpoint": "http://inference:8000/inference/{Token}",
                "Token": "ARB"
            }
        },
        {
            "topicId": 10,
            "inferenceEntrypointName": "api-worker-reputer",
            "loopSeconds": 5,
            "parameters": {
                "InferenceEndpoint": "http://inference:8000/inference/{BlockHeight}",
                "BlockHeight": "sys.argv[2]"
            }
        },
        {
            "topicId": 11,
            "inferenceEntrypointName": "api-worker-reputer",
            "loopSeconds": 5,
            "parameters": {
                "InferenceEndpoint": "http://inference:8000/inference/topic11/{Team}",
                "Team": "R"
            }
        }
    ]
}
