{
    "wallet": {
      "addressKeyName": "wl1",
      "addressRestoreMnemonic": "",
      "alloraHomeDir": "",
      "gas": "1000000",
      "gasAdjustment": 1,
      "nodeRpc": "https://allora-rpc.testnet.allora.network/",
      "maxRetries": 1,
      "delay": 1,
      "submitTx": false
    },
    "worker": [
      {
        "topicId": 1,
        "inferenceEntrypointName": "api-worker-reputer",
        "loopSeconds": 15,
        "parameters": {
          "InferenceEndpoint": "http://inference:8000/inference/{Token}",
          "Token": "ETH"
        }
      },
      {
        "topicId": 3,
        "inferenceEntrypointName": "api-worker-reputer",
        "loopSeconds": 15,
        "parameters": {
          "InferenceEndpoint": "http://inference:8000/inference/{Token}",
          "Token": "BTC"
        }
      },
      {
        "topicId": 5,
        "inferenceEntrypointName": "api-worker-reputer",
        "loopSeconds": 15,
        "parameters": {
          "InferenceEndpoint": "http://inference:8000/inference/{Token}",
          "Token": "SOL"
        }
      },
      {
        "topicId": 7,
        "inferenceEntrypointName": "api-worker-reputer",
        "loopSeconds": 15,
        "parameters": {
          "InferenceEndpoint": "http://inference:8000/inference/{Token}",
          "Token": "ETH"
        }
      },
      {
        "topicId": 8,
        "inferenceEntrypointName": "api-worker-reputer",
        "loopSeconds": 15,
        "parameters": {
          "InferenceEndpoint": "http://inference:8000/inference/{Token}",
          "Token": "BNB"
        }
      },
      {
        "topicId": 9,
        "inferenceEntrypointName": "api-worker-reputer",
        "loopSeconds": 15,
        "parameters": {
          "InferenceEndpoint": "http://inference:8000/inference/{Token}",
          "Token": "ARB"
        }
      },
      {
        "topicId": 10,
        "inferenceEntrypointName": "api-worker-reputer",
        "loopSeconds": 5,
        "parameters": {
          "InferenceEndpoint": "http://inference:8000/inference/{BlockHeight}"
        }
      },
      {
        "topicId": 11,
        "inferenceEntrypointName": "api-worker-reputer",
        "loopSeconds": 5,
        "parameters": {
          "InferenceEndpoint": "http://inference:8000/inference/{Party}"
        }
      }
    ]
  }
  