{
    "annotations": {
        "list": [{
            "builtIn": 1,
            "datasource": "-- Grafana --",
            "enable": true,
            "hide": true,
            "iconColor": "rgba(0, 211, 255, 1)",
            "name": "Annotations & Alerts",
            "type": "dashboard"
        }]
    },
    "description": "Basic overview of windows host metrics, based on WMI Exporter (v0.7.0)",
    "editable": true,
    "gnetId": 10171,
    "graphTooltip": 0,
    "id": 1,
    "iteration": 1593143875932,
    "links": [],
    "panels": [{
            "cacheTimeout": null,
            "colorBackground": false,
            "colorPostfix": false,
            "colorPrefix": false,
            "colorValue": false,
            "colors": [
                "#299c46",
                "rgba(237, 129, 40, 0.89)",
                "#d44a3a"
            ],
            "datasource": null,
            "decimals": 0,
            "description": "",
            "fieldConfig": {
                "defaults": {
                    "custom": {}
                },
                "overrides": []
            },
            "format": "s",
            "gauge": {
                "maxValue": 100,
                "minValue": 0,
                "show": false,
                "thresholdLabels": false,
                "thresholdMarkers": true
            },
            "gridPos": {
                "h": 4,
                "w": 2,
                "x": 0,
                "y": 0
            },
            "id": 10,
            "interval": "",
            "links": [],
            "mappingType": 1,
            "mappingTypes": [{
                    "name": "value to text",
                    "value": 1
                },
                {
                    "name": "range to text",
                    "value": 2
                }
            ],
            "maxDataPoints": 100,
            "nullPointMode": "connected",
            "nullText": null,
            "postfix": "(s)",
            "postfixFontSize": "50%",
            "prefix": "~",
            "prefixFontSize": "50%",
            "rangeMaps": [{
                "from": "null",
                "text": "N/A",
                "to": "null"
            }],
            "repeat": "host",
            "repeatDirection": "v",
            "scopedVars": {
                "host": {
                    "selected": true,
                    "text": "10.51.188.101:9182",
                    "value": "10.51.188.101:9182"
                }
            },
            "sparkline": {
                "fillColor": "rgba(31, 118, 189, 0.18)",
                "full": false,
                "lineColor": "rgb(31, 120, 193)",
                "show": false
            },
            "tableColumn": "{hostname=\"DBSQL-SRV\", instance=\"10.51.188.101:9182\", job=\"windows\", type=\"windows\"}",
            "targets": [{
                "expr": "windows_os_time {instance=\"10.51.188.101:9182\"} - windows_system_system_up_time {instance=\"10.51.188.101:9182\"}",
                "format": "time_series",
                "interval": "",
                "intervalFactor": 1,
                "legendFormat": "",
                "refId": "A"
            }],
            "thresholds": "",
            "timeFrom": null,
            "timeShift": null,
            "title": "Uptime | $host",
            "type": "singlestat",
            "valueFontSize": "50%",
            "valueMaps": [{
                "op": "=",
                "text": "N/A",
                "value": "null"
            }],
            "valueName": "avg"
        },
        {
            "cacheTimeout": null,
            "colorBackground": false,
            "colorPostfix": false,
            "colorPrefix": false,
            "colorValue": false,
            "colors": [
                "#299c46",
                "rgba(237, 129, 40, 0.89)",
                "#d44a3a"
            ],
            "datasource": "Prometheus",
            "decimals": 0,
            "description": "",
            "fieldConfig": {
                "defaults": {
                    "custom": {}
                },
                "overrides": []
            },
            "format": "none",
            "gauge": {
                "maxValue": 100,
                "minValue": 0,
                "show": false,
                "thresholdLabels": false,
                "thresholdMarkers": true
            },
            "gridPos": {
                "h": 2,
                "w": 2,
                "x": 2,
                "y": 0
            },
            "id": 35,
            "interval": "",
            "links": [],
            "mappingType": 1,
            "mappingTypes": [{
                    "name": "value to text",
                    "value": 1
                },
                {
                    "name": "range to text",
                    "value": 2
                }
            ],
            "maxDataPoints": 100,
            "nullPointMode": "connected",
            "nullText": null,
            "postfix": "",
            "postfixFontSize": "80%",
            "prefix": "",
            "prefixFontSize": "80%",
            "rangeMaps": [{
                "from": "null",
                "text": "N/A",
                "to": "null"
            }],
            "repeat": "host",
            "repeatDirection": "v",
            "scopedVars": {
                "host": {
                    "selected": true,
                    "text": "10.51.188.101:9182",
                    "value": "10.51.188.101:9182"
                }
            },
            "sparkline": {
                "fillColor": "rgba(31, 118, 189, 0.18)",
                "full": false,
                "lineColor": "rgb(31, 120, 193)",
                "show": false
            },
            "tableColumn": "windows_cs_logical_processors{hostname=\"DBSQL-SRV\", instance=\"10.51.188.101:9182\", job=\"windows\", type=\"windows\"}",
            "targets": [{
                "expr": "windows_cs_logical_processors{instance=~\"$host\"}",
                "format": "time_series",
                "interval": "",
                "intervalFactor": 1,
                "legendFormat": "",
                "refId": "A"
            }],
            "thresholds": "",
            "timeFrom": null,
            "timeShift": null,
            "title": "Processors",
            "type": "singlestat",
            "valueFontSize": "80%",
            "valueMaps": [{
                "op": "=",
                "text": "N/A",
                "value": "null"
            }],
            "valueName": "avg"
        },
        {
            "cacheTimeout": null,
            "colorBackground": false,
            "colorValue": true,
            "colors": [
                "#299c46",
                "rgba(237, 129, 40, 0.89)",
                "#d44a3a"
            ],
            "datasource": "Prometheus",
            "decimals": 1,
            "fieldConfig": {
                "defaults": {
                    "custom": {}
                },
                "overrides": []
            },
            "format": "percentunit",
            "gauge": {
                "maxValue": 1,
                "minValue": 0,
                "show": true,
                "thresholdLabels": false,
                "thresholdMarkers": true
            },
            "gridPos": {
                "h": 4,
                "w": 3,
                "x": 4,
                "y": 0
            },
            "id": 7,
            "interval": null,
            "links": [],
            "mappingType": 1,
            "mappingTypes": [{
                    "name": "value to text",
                    "value": 1
                },
                {
                    "name": "range to text",
                    "value": 2
                }
            ],
            "maxDataPoints": 100,
            "nullPointMode": "connected",
            "nullText": null,
            "postfix": "",
            "postfixFontSize": "50%",
            "prefix": "",
            "prefixFontSize": "50%",
            "rangeMaps": [{
                "from": "null",
                "text": "N/A",
                "to": "null"
            }],
            "repeat": "host",
            "repeatDirection": "v",
            "scopedVars": {
                "host": {
                    "selected": true,
                    "text": "10.51.188.101:9182",
                    "value": "10.51.188.101:9182"
                }
            },
            "sparkline": {
                "fillColor": "rgba(31, 118, 189, 0.18)",
                "full": false,
                "lineColor": "rgb(31, 120, 193)",
                "show": true
            },
            "tableColumn": "",
            "targets": [{
                "expr": "1 - avg(irate(windows_cpu_time_total{instance=~\"$host\",mode=\"idle\"}[5m])) > 0",
                "format": "time_series",
                "instant": false,
                "interval": "",
                "intervalFactor": 1,
                "legendFormat": "",
                "refId": "A"
            }],
            "thresholds": "0.6,0.8",
            "timeFrom": null,
            "timeShift": null,
            "title": "CPU Load",
            "type": "singlestat",
            "valueFontSize": "80%",
            "valueMaps": [{
                "op": "=",
                "text": "N/A",
                "value": "null"
            }],
            "valueName": "current"
        },
        {
            "cacheTimeout": null,
            "datasource": "Prometheus",
            "fieldConfig": {
                "defaults": {
                    "color": {
                        "mode": "thresholds"
                    },
                    "custom": {},
                    "decimals": 1,
                    "mappings": [{
                        "id": 0,
                        "op": "=",
                        "text": "N/A",
                        "type": 1,
                        "value": "null"
                    }],
                    "max": 1,
                    "min": 0,
                    "nullValueMode": "connected",
                    "thresholds": {
                        "mode": "absolute",
                        "steps": [{
                                "color": "dark-green",
                                "value": null
                            },
                            {
                                "color": "rgba(237, 129, 40, 0.89)",
                                "value": 0.6
                            },
                            {
                                "color": "#d44a3a",
                                "value": 0.8
                            }
                        ]
                    },
                    "unit": "percentunit"
                },
                "overrides": []
            },
            "gridPos": {
                "h": 4,
                "w": 3,
                "x": 7,
                "y": 0
            },
            "id": 8,
            "links": [],
            "options": {
                "orientation": "horizontal",
                "reduceOptions": {
                    "calcs": [
                        "lastNotNull"
                    ],
                    "fields": "",
                    "values": false
                },
                "showThresholdLabels": false,
                "showThresholdMarkers": true
            },
            "pluginVersion": "7.0.3",
            "repeat": "host",
            "repeatDirection": "v",
            "scopedVars": {
                "host": {
                    "selected": true,
                    "text": "10.51.188.101:9182",
                    "value": "10.51.188.101:9182"
                }
            },
            "targets": [{
                "expr": "1-(windows_os_physical_memory_free_bytes{instance=~\"$host\"} / windows_cs_physical_memory_bytes{instance=~\"$host\"}) > 0",
                "format": "time_series",
                "instant": false,
                "interval": "",
                "intervalFactor": 1,
                "legendFormat": "",
                "refId": "A"
            }],
            "timeFrom": null,
            "timeShift": null,
            "title": "Memory Load",
            "type": "gauge"
        },
        {
            "cacheTimeout": null,
            "datasource": "Prometheus",
            "fieldConfig": {
                "defaults": {
                    "color": {
                        "mode": "thresholds"
                    },
                    "custom": {},
                    "decimals": 1,
                    "mappings": [{
                        "id": 0,
                        "op": "=",
                        "text": "N/A",
                        "type": 1,
                        "value": "null"
                    }],
                    "max": 1,
                    "min": 0,
                    "nullValueMode": "connected",
                    "thresholds": {
                        "mode": "absolute",
                        "steps": [{
                                "color": "dark-green",
                                "value": null
                            },
                            {
                                "color": "rgba(237, 129, 40, 0.89)",
                                "value": 0.6
                            },
                            {
                                "color": "#d44a3a",
                                "value": 0.8
                            }
                        ]
                    },
                    "unit": "percentunit"
                },
                "overrides": []
            },
            "gridPos": {
                "h": 4,
                "w": 3,
                "x": 10,
                "y": 0
            },
            "id": 11,
            "links": [],
            "options": {
                "orientation": "horizontal",
                "reduceOptions": {
                    "calcs": [
                        "lastNotNull"
                    ],
                    "fields": "",
                    "values": false
                },
                "showThresholdLabels": false,
                "showThresholdMarkers": true
            },
            "pluginVersion": "7.0.3",
            "repeat": "host",
            "repeatDirection": "v",
            "scopedVars": {
                "host": {
                    "selected": true,
                    "text": "10.51.188.101:9182",
                    "value": "10.51.188.101:9182"
                }
            },
            "targets": [{
                "expr": "1 - (sum(windows_logical_disk_free_bytes{instance=~\"$host\",volume=~\"^[A-Z]:.*$\"}) / sum(windows_logical_disk_size_bytes{instance=~\"$host\",volume=~\"^[A-Z]:.*$\"})) > 0",
                "format": "time_series",
                "instant": false,
                "interval": "",
                "intervalFactor": 1,
                "legendFormat": "",
                "refId": "A"
            }],
            "timeFrom": null,
            "timeShift": null,
            "title": "Disk Use",
            "type": "gauge"
        },
        {
            "cacheTimeout": null,
            "colorBackground": true,
            "colorPostfix": false,
            "colorPrefix": false,
            "colorValue": false,
            "colors": [
                "#1F60C4",
                "rgba(237, 129, 40, 0.89)",
                "#d44a3a"
            ],
            "datasource": "Prometheus",
            "decimals": 1,
            "fieldConfig": {
                "defaults": {
                    "custom": {}
                },
                "overrides": []
            },
            "format": "bytes",
            "gauge": {
                "maxValue": 100,
                "minValue": 0,
                "show": false,
                "thresholdLabels": false,
                "thresholdMarkers": true
            },
            "gridPos": {
                "h": 2,
                "w": 3,
                "x": 13,
                "y": 0
            },
            "id": 16,
            "interval": "",
            "links": [],
            "mappingType": 1,
            "mappingTypes": [{
                    "name": "value to text",
                    "value": 1
                },
                {
                    "name": "range to text",
                    "value": 2
                }
            ],
            "maxDataPoints": 100,
            "nullPointMode": "connected",
            "nullText": null,
            "postfix": "",
            "postfixFontSize": "50%",
            "prefix": "",
            "prefixFontSize": "50%",
            "rangeMaps": [{
                "from": "null",
                "text": "N/A",
                "to": "null"
            }],
            "repeat": "host",
            "repeatDirection": "v",
            "scopedVars": {
                "host": {
                    "selected": true,
                    "text": "10.51.188.101:9182",
                    "value": "10.51.188.101:9182"
                }
            },
            "sparkline": {
                "fillColor": "rgba(31, 118, 189, 0.18)",
                "full": true,
                "lineColor": "#C4162A",
                "show": true
            },
            "tableColumn": "",
            "targets": [{
                "expr": "sum(increase(windows_net_bytes_received_total{instance=~\"$host\"}[24h]))",
                "format": "time_series",
                "instant": false,
                "interval": "",
                "intervalFactor": 1,
                "legendFormat": "",
                "refId": "A"
            }],
            "thresholds": "",
            "timeFrom": null,
            "timeShift": null,
            "title": "Net IN (24h)",
            "type": "singlestat",
            "valueFontSize": "80%",
            "valueMaps": [{
                "op": "=",
                "text": "N/A",
                "value": "null"
            }],
            "valueName": "current"
        },
        {
            "cacheTimeout": null,
            "colorBackground": true,
            "colorPostfix": true,
            "colorPrefix": false,
            "colorValue": false,
            "colors": [
                "#1F60C4",
                "rgba(237, 129, 40, 0.89)",
                "#d44a3a"
            ],
            "datasource": "Prometheus",
            "fieldConfig": {
                "defaults": {
                    "custom": {}
                },
                "overrides": []
            },
            "format": "decbytes",
            "gauge": {
                "maxValue": 100,
                "minValue": 0,
                "show": false,
                "thresholdLabels": false,
                "thresholdMarkers": true
            },
            "gridPos": {
                "h": 2,
                "w": 3,
                "x": 16,
                "y": 0
            },
            "id": 41,
            "interval": null,
            "links": [],
            "mappingType": 1,
            "mappingTypes": [{
                    "name": "value to text",
                    "value": 1
                },
                {
                    "name": "range to text",
                    "value": 2
                }
            ],
            "maxDataPoints": 100,
            "nullPointMode": "connected",
            "nullText": null,
            "postfix": "",
            "postfixFontSize": "50%",
            "prefix": "",
            "prefixFontSize": "50%",
            "rangeMaps": [{
                "from": "null",
                "text": "N/A",
                "to": "null"
            }],
            "sparkline": {
                "fillColor": "rgba(31, 118, 189, 0.18)",
                "full": true,
                "lineColor": "#C4162A",
                "show": true
            },
            "tableColumn": "{hostname=\"DBSQL-SRV\", instance=\"10.51.188.101:9182\", job=\"windows\", type=\"windows\"}",
            "targets": [{
                "expr": "sum (irate(windows_logical_disk_write_bytes_total{instance=~\"$host\",volume !~\"HarddiskVolume.+\"}[1m])) without (volume) + sum (irate(windows_logical_disk_read_bytes_total{instance=~\"$host\",volume !~\"HarddiskVolume.+\"}[1m])) without (volume)",
                "format": "time_series",
                "instant": false,
                "intervalFactor": 1,
                "legendFormat": "",
                "refId": "A"
            }],
            "thresholds": "",
            "timeFrom": null,
            "timeShift": null,
            "title": "Data transfer",
            "type": "singlestat",
            "valueFontSize": "80%",
            "valueMaps": [{
                "op": "=",
                "text": "N/A",
                "value": "null"
            }],
            "valueName": "avg"
        },
        {
            "cacheTimeout": null,
            "columns": [],
            "datasource": null,
            "fieldConfig": {
                "defaults": {
                    "custom": {}
                },
                "overrides": []
            },
            "fontSize": "100%",
            "gridPos": {
                "h": 4,
                "w": 5,
                "x": 19,
                "y": 0
            },
            "id": 23,
            "links": [],
            "pageSize": 10,
            "pluginVersion": "6.2.1",
            "repeat": "host",
            "repeatDirection": "v",
            "scopedVars": {
                "host": {
                    "selected": true,
                    "text": "10.51.188.101:9182",
                    "value": "10.51.188.101:9182"
                }
            },
            "scroll": true,
            "showHeader": true,
            "sort": {
                "col": 0,
                "desc": true
            },
            "styles": [{
                    "alias": "Disk",
                    "align": "auto",
                    "colorMode": "cell",
                    "colors": [
                        "rgba(50, 172, 45, 0.97)",
                        "rgba(237, 129, 40, 0.89)",
                        "rgba(245, 54, 54, 0.9)"
                    ],
                    "dateFormat": "YYYY-MM-DD HH:mm:ss",
                    "decimals": 2,
                    "link": false,
                    "mappingType": 1,
                    "pattern": "volume",
                    "preserveFormat": false,
                    "sanitize": false,
                    "thresholds": [],
                    "type": "number",
                    "unit": "short"
                },
                {
                    "alias": "Available",
                    "align": "auto",
                    "colorMode": null,
                    "colors": [
                        "#73BF69",
                        "rgba(237, 129, 40, 0.89)",
                        "rgba(245, 54, 54, 0.9)"
                    ],
                    "dateFormat": "YYYY-MM-DD HH:mm:ss",
                    "decimals": 0,
                    "link": false,
                    "mappingType": 1,
                    "pattern": "Value",
                    "thresholds": [
                        ""
                    ],
                    "type": "number",
                    "unit": "bytes"
                },
                {
                    "alias": "",
                    "align": "auto",
                    "colorMode": null,
                    "colors": [
                        "rgba(245, 54, 54, 0.9)",
                        "rgba(237, 129, 40, 0.89)",
                        "rgba(50, 172, 45, 0.97)"
                    ],
                    "decimals": 2,
                    "link": false,
                    "pattern": "/.*/",
                    "thresholds": [],
                    "type": "hidden",
                    "unit": "short"
                }
            ],
            "targets": [{
                "expr": "sort_desc(windows_logical_disk_free_bytes{instance=~\"$host\",volume=~\"(^[A-Z]:$)\"})",
                "format": "table",
                "instant": true,
                "intervalFactor": 1,
                "legendFormat": "",
                "refId": "A"
            }],
            "timeFrom": null,
            "timeShift": null,
            "title": "Disk (Free)",
            "transform": "table",
            "type": "table-old"
        },
        {
            "cacheTimeout": null,
            "colorBackground": false,
            "colorPostfix": false,
            "colorPrefix": false,
            "colorValue": false,
            "colors": [
                "#299c46",
                "rgba(237, 129, 40, 0.89)",
                "#d44a3a"
            ],
            "datasource": "Prometheus",
            "decimals": 1,
            "description": "",
            "fieldConfig": {
                "defaults": {
                    "custom": {}
                },
                "overrides": []
            },
            "format": "bytes",
            "gauge": {
                "maxValue": 100,
                "minValue": 0,
                "show": false,
                "thresholdLabels": false,
                "thresholdMarkers": true
            },
            "gridPos": {
                "h": 2,
                "w": 2,
                "x": 2,
                "y": 2
            },
            "id": 36,
            "interval": "",
            "links": [],
            "mappingType": 1,
            "mappingTypes": [{
                    "name": "value to text",
                    "value": 1
                },
                {
                    "name": "range to text",
                    "value": 2
                }
            ],
            "maxDataPoints": 100,
            "nullPointMode": "connected",
            "nullText": null,
            "postfix": "",
            "postfixFontSize": "80%",
            "prefix": "",
            "prefixFontSize": "80%",
            "rangeMaps": [{
                "from": "null",
                "text": "N/A",
                "to": "null"
            }],
            "repeat": "host",
            "repeatDirection": "v",
            "scopedVars": {
                "host": {
                    "selected": true,
                    "text": "10.51.188.101:9182",
                    "value": "10.51.188.101:9182"
                }
            },
            "sparkline": {
                "fillColor": "rgba(31, 118, 189, 0.18)",
                "full": false,
                "lineColor": "rgb(31, 120, 193)",
                "show": false
            },
            "tableColumn": "windows_cs_physical_memory_bytes{hostname=\"DBSQL-SRV\", instance=\"10.51.188.101:9182\", job=\"windows\", type=\"windows\"}",
            "targets": [{
                "expr": "windows_cs_physical_memory_bytes{instance=~\"$host\"}",
                "format": "time_series",
                "intervalFactor": 1,
                "legendFormat": "",
                "refId": "A"
            }],
            "thresholds": "",
            "timeFrom": null,
            "timeShift": null,
            "title": "RAM",
            "type": "singlestat",
            "valueFontSize": "80%",
            "valueMaps": [{
                "op": "=",
                "text": "N/A",
                "value": "null"
            }],
            "valueName": "avg"
        },
        {
            "cacheTimeout": null,
            "colorBackground": true,
            "colorPostfix": false,
            "colorPrefix": false,
            "colorValue": false,
            "colors": [
                "#1F60C4",
                "rgba(237, 129, 40, 0.89)",
                "#37872D"
            ],
            "datasource": "Prometheus",
            "decimals": 1,
            "fieldConfig": {
                "defaults": {
                    "custom": {}
                },
                "overrides": []
            },
            "format": "bytes",
            "gauge": {
                "maxValue": 100,
                "minValue": 0,
                "show": false,
                "thresholdLabels": false,
                "thresholdMarkers": true
            },
            "gridPos": {
                "h": 2,
                "w": 3,
                "x": 13,
                "y": 2
            },
            "id": 21,
            "interval": "",
            "links": [],
            "mappingType": 1,
            "mappingTypes": [{
                    "name": "value to text",
                    "value": 1
                },
                {
                    "name": "range to text",
                    "value": 2
                }
            ],
            "maxDataPoints": 100,
            "nullPointMode": "connected",
            "nullText": null,
            "postfix": "",
            "postfixFontSize": "50%",
            "prefix": "",
            "prefixFontSize": "50%",
            "rangeMaps": [{
                "from": "null",
                "text": "N/A",
                "to": "null"
            }],
            "repeat": "host",
            "repeatDirection": "v",
            "scopedVars": {
                "host": {
                    "selected": true,
                    "text": "10.51.188.101:9182",
                    "value": "10.51.188.101:9182"
                }
            },
            "sparkline": {
                "fillColor": "rgba(31, 118, 189, 0.18)",
                "full": true,
                "lineColor": "#C4162A",
                "show": true
            },
            "tableColumn": "",
            "targets": [{
                "expr": "sum(increase(windows_net_bytes_sent_total{instance=~\"$host\"}[24h]))",
                "format": "time_series",
                "instant": false,
                "interval": "",
                "intervalFactor": 1,
                "legendFormat": "",
                "refId": "A"
            }],
            "thresholds": "",
            "timeFrom": null,
            "timeShift": null,
            "title": "Net OUT (24h)",
            "type": "singlestat",
            "valueFontSize": "80%",
            "valueMaps": [{
                "op": "=",
                "text": "N/A",
                "value": "null"
            }],
            "valueName": "current"
        },
        {
            "cacheTimeout": null,
            "colorBackground": true,
            "colorPostfix": true,
            "colorPrefix": false,
            "colorValue": false,
            "colors": [
                "#1F60C4",
                "rgba(237, 129, 40, 0.89)",
                "#d44a3a"
            ],
            "datasource": "Prometheus",
            "fieldConfig": {
                "defaults": {
                    "custom": {}
                },
                "overrides": []
            },
            "format": "ops",
            "gauge": {
                "maxValue": 100,
                "minValue": 0,
                "show": false,
                "thresholdLabels": false,
                "thresholdMarkers": true
            },
            "gridPos": {
                "h": 2,
                "w": 3,
                "x": 16,
                "y": 2
            },
            "id": 43,
            "interval": null,
            "links": [],
            "mappingType": 1,
            "mappingTypes": [{
                    "name": "value to text",
                    "value": 1
                },
                {
                    "name": "range to text",
                    "value": 2
                }
            ],
            "maxDataPoints": 100,
            "nullPointMode": "connected",
            "nullText": null,
            "postfix": "",
            "postfixFontSize": "50%",
            "prefix": "",
            "prefixFontSize": "50%",
            "rangeMaps": [{
                "from": "null",
                "text": "N/A",
                "to": "null"
            }],
            "sparkline": {
                "fillColor": "rgba(31, 118, 189, 0.18)",
                "full": true,
                "lineColor": "#C4162A",
                "show": true
            },
            "tableColumn": "{hostname=\"DBSQL-SRV\", instance=\"10.51.188.101:9182\", job=\"windows\", type=\"windows\"}",
            "targets": [{
                "expr": "sum (irate(windows_logical_disk_split_ios_total{instance=~\"$host\",volume !~\"HarddiskVolume.+\"}[1m])) without (volume)",
                "format": "time_series",
                "instant": false,
                "intervalFactor": 1,
                "legendFormat": "",
                "refId": "A"
            }],
            "thresholds": "",
            "timeFrom": null,
            "timeShift": null,
            "title": "IOPS",
            "type": "singlestat",
            "valueFontSize": "80%",
            "valueMaps": [{
                "op": "=",
                "text": "N/A",
                "value": "null"
            }],
            "valueName": "avg"
        },
        {
            "aliasColors": {},
            "bars": false,
            "dashLength": 10,
            "dashes": false,
            "datasource": "Prometheus",
            "fieldConfig": {
                "defaults": {
                    "custom": {}
                },
                "overrides": []
            },
            "fill": 3,
            "fillGradient": 0,
            "gridPos": {
                "h": 5,
                "w": 6,
                "x": 0,
                "y": 4
            },
            "hiddenSeries": false,
            "id": 15,
            "interval": "",
            "legend": {
                "alignAsTable": true,
                "avg": false,
                "current": true,
                "max": false,
                "min": false,
                "rightSide": true,
                "show": true,
                "total": false,
                "values": true
            },
            "lines": true,
            "linewidth": 1,
            "links": [],
            "nullPointMode": "null",
            "options": {
                "dataLinks": []
            },
            "percentage": false,
            "pointradius": 2,
            "points": false,
            "renderer": "flot",
            "repeat": "host",
            "repeatDirection": "v",
            "scopedVars": {
                "host": {
                    "selected": true,
                    "text": "10.51.188.101:9182",
                    "value": "10.51.188.101:9182"
                }
            },
            "seriesOverrides": [],
            "spaceLength": 10,
            "stack": false,
            "steppedLine": false,
            "targets": [{
                "expr": "sum by (mode) (irate(windows_cpu_time_total{instance=~\"$host\"}[5m]))",
                "format": "time_series",
                "interval": "",
                "intervalFactor": 1,
                "legendFormat": "{{mode}}",
                "refId": "B"
            }],
            "thresholds": [],
            "timeFrom": null,
            "timeRegions": [],
            "timeShift": null,
            "title": "CPU Load | $host",
            "tooltip": {
                "shared": true,
                "sort": 0,
                "value_type": "individual"
            },
            "type": "graph",
            "xaxis": {
                "buckets": null,
                "mode": "time",
                "name": null,
                "show": true,
                "values": []
            },
            "yaxes": [{
                    "decimals": 0,
                    "format": "short",
                    "label": "Load",
                    "logBase": 1,
                    "max": null,
                    "min": null,
                    "show": true
                },
                {
                    "format": "short",
                    "label": null,
                    "logBase": 1,
                    "max": null,
                    "min": null,
                    "show": true
                }
            ],
            "yaxis": {
                "align": false,
                "alignLevel": null
            }
        },
        {
            "aliasColors": {},
            "bars": false,
            "dashLength": 10,
            "dashes": false,
            "datasource": "Prometheus",
            "fieldConfig": {
                "defaults": {
                    "custom": {}
                },
                "overrides": []
            },
            "fill": 3,
            "fillGradient": 0,
            "gridPos": {
                "h": 5,
                "w": 6,
                "x": 6,
                "y": 4
            },
            "hiddenSeries": false,
            "id": 38,
            "interval": "",
            "legend": {
                "alignAsTable": true,
                "avg": false,
                "current": true,
                "max": true,
                "min": false,
                "rightSide": false,
                "show": true,
                "total": false,
                "values": true
            },
            "lines": true,
            "linewidth": 1,
            "links": [],
            "nullPointMode": "null",
            "options": {
                "dataLinks": []
            },
            "percentage": false,
            "pointradius": 2,
            "points": false,
            "renderer": "flot",
            "repeat": "host",
            "repeatDirection": "v",
            "scopedVars": {
                "host": {
                    "selected": true,
                    "text": "10.51.188.101:9182",
                    "value": "10.51.188.101:9182"
                }
            },
            "seriesOverrides": [],
            "spaceLength": 10,
            "stack": false,
            "steppedLine": false,
            "targets": [{
                "expr": "irate(windows_system_exception_dispatches_total{instance=~\"$host\"}[5m])",
                "format": "time_series",
                "hide": false,
                "interval": "",
                "intervalFactor": 1,
                "legendFormat": "exceptions",
                "refId": "A"
            }],
            "thresholds": [],
            "timeFrom": null,
            "timeRegions": [],
            "timeShift": null,
            "title": "System Exceptions | $host",
            "tooltip": {
                "shared": true,
                "sort": 0,
                "value_type": "individual"
            },
            "type": "graph",
            "xaxis": {
                "buckets": null,
                "mode": "time",
                "name": null,
                "show": true,
                "values": []
            },
            "yaxes": [{
                    "decimals": 0,
                    "format": "short",
                    "label": "",
                    "logBase": 1,
                    "max": null,
                    "min": null,
                    "show": true
                },
                {
                    "format": "short",
                    "label": null,
                    "logBase": 1,
                    "max": null,
                    "min": null,
                    "show": true
                }
            ],
            "yaxis": {
                "align": false,
                "alignLevel": null
            }
        },
        {
            "aliasColors": {},
            "bars": false,
            "dashLength": 10,
            "dashes": false,
            "datasource": "Prometheus",
            "fieldConfig": {
                "defaults": {
                    "custom": {}
                },
                "overrides": []
            },
            "fill": 3,
            "fillGradient": 0,
            "gridPos": {
                "h": 5,
                "w": 6,
                "x": 12,
                "y": 4
            },
            "hiddenSeries": false,
            "id": 37,
            "interval": "",
            "legend": {
                "alignAsTable": true,
                "avg": false,
                "current": true,
                "max": true,
                "min": false,
                "rightSide": false,
                "show": true,
                "total": false,
                "values": true
            },
            "lines": true,
            "linewidth": 1,
            "links": [],
            "nullPointMode": "null",
            "options": {
                "dataLinks": []
            },
            "percentage": false,
            "pointradius": 2,
            "points": false,
            "renderer": "flot",
            "repeat": "host",
            "repeatDirection": "v",
            "scopedVars": {
                "host": {
                    "selected": true,
                    "text": "10.51.188.101:9182",
                    "value": "10.51.188.101:9182"
                }
            },
            "seriesOverrides": [],
            "spaceLength": 10,
            "stack": false,
            "steppedLine": false,
            "targets": [{
                "expr": "windows_system_threads{instance=~\"$host\"}",
                "format": "time_series",
                "hide": false,
                "intervalFactor": 1,
                "legendFormat": "threads",
                "refId": "A"
            }],
            "thresholds": [],
            "timeFrom": null,
            "timeRegions": [],
            "timeShift": null,
            "title": "System Threads | $host",
            "tooltip": {
                "shared": true,
                "sort": 0,
                "value_type": "individual"
            },
            "type": "graph",
            "xaxis": {
                "buckets": null,
                "mode": "time",
                "name": null,
                "show": true,
                "values": []
            },
            "yaxes": [{
                    "decimals": 0,
                    "format": "short",
                    "label": "",
                    "logBase": 1,
                    "max": null,
                    "min": null,
                    "show": true
                },
                {
                    "format": "short",
                    "label": null,
                    "logBase": 1,
                    "max": null,
                    "min": null,
                    "show": true
                }
            ],
            "yaxis": {
                "align": false,
                "alignLevel": null
            }
        },
        {
            "aliasColors": {},
            "bars": false,
            "dashLength": 10,
            "dashes": false,
            "datasource": "Prometheus",
            "decimals": 1,
            "fieldConfig": {
                "defaults": {
                    "custom": {}
                },
                "overrides": []
            },
            "fill": 3,
            "fillGradient": 0,
            "gridPos": {
                "h": 5,
                "w": 6,
                "x": 18,
                "y": 4
            },
            "hiddenSeries": false,
            "id": 31,
            "legend": {
                "alignAsTable": true,
                "avg": false,
                "current": true,
                "max": false,
                "min": false,
                "rightSide": true,
                "show": true,
                "total": false,
                "values": true
            },
            "lines": true,
            "linewidth": 1,
            "links": [],
            "nullPointMode": "null",
            "options": {
                "dataLinks": []
            },
            "percentage": false,
            "pointradius": 2,
            "points": false,
            "renderer": "flot",
            "repeat": "host",
            "repeatDirection": "v",
            "scopedVars": {
                "host": {
                    "selected": true,
                    "text": "10.51.188.101:9182",
                    "value": "10.51.188.101:9182"
                }
            },
            "seriesOverrides": [],
            "spaceLength": 10,
            "stack": false,
            "steppedLine": false,
            "targets": [{
                    "expr": "windows_os_virtual_memory_bytes{instance=~\"$host\"} > 0",
                    "format": "time_series",
                    "interval": "",
                    "intervalFactor": 1,
                    "legendFormat": "Virtual",
                    "refId": "A"
                },
                {
                    "expr": "windows_cs_physical_memory_bytes{instance=~\"$host\"} > 0",
                    "format": "time_series",
                    "intervalFactor": 1,
                    "legendFormat": "Physical",
                    "refId": "B"
                },
                {
                    "expr": "windows_os_physical_memory_free_bytes{instance=~\"$host\"} > 0",
                    "format": "time_series",
                    "intervalFactor": 1,
                    "legendFormat": "Free",
                    "refId": "C"
                }
            ],
            "thresholds": [],
            "timeFrom": null,
            "timeRegions": [],
            "timeShift": null,
            "title": "Memory | $host",
            "tooltip": {
                "shared": true,
                "sort": 0,
                "value_type": "individual"
            },
            "type": "graph",
            "xaxis": {
                "buckets": null,
                "mode": "time",
                "name": null,
                "show": true,
                "values": []
            },
            "yaxes": [{
                    "decimals": 0,
                    "format": "bytes",
                    "label": "RAM",
                    "logBase": 1,
                    "max": null,
                    "min": "0",
                    "show": true
                },
                {
                    "format": "short",
                    "label": null,
                    "logBase": 1,
                    "max": null,
                    "min": null,
                    "show": false
                }
            ],
            "yaxis": {
                "align": false,
                "alignLevel": null
            }
        },
        {
            "aliasColors": {},
            "bars": false,
            "dashLength": 10,
            "dashes": false,
            "datasource": "Prometheus",
            "fieldConfig": {
                "defaults": {
                    "custom": {}
                },
                "overrides": []
            },
            "fill": 2,
            "fillGradient": 0,
            "gridPos": {
                "h": 5,
                "w": 6,
                "x": 0,
                "y": 9
            },
            "hiddenSeries": false,
            "id": 30,
            "legend": {
                "alignAsTable": true,
                "avg": false,
                "current": true,
                "max": false,
                "min": false,
                "rightSide": true,
                "show": true,
                "total": false,
                "values": true
            },
            "lines": true,
            "linewidth": 1,
            "links": [],
            "nullPointMode": "null",
            "options": {
                "dataLinks": []
            },
            "percentage": false,
            "pointradius": 2,
            "points": false,
            "renderer": "flot",
            "repeat": "host",
            "repeatDirection": "v",
            "scopedVars": {
                "host": {
                    "selected": true,
                    "text": "10.51.188.101:9182",
                    "value": "10.51.188.101:9182"
                }
            },
            "seriesOverrides": [],
            "spaceLength": 10,
            "stack": false,
            "steppedLine": false,
            "targets": [{
                    "expr": "irate(windows_net_bytes_received_total{instance=~\"$host\",nic!~\"(?i).*(isatap|tunneling).*$\"}[5m]) > 0",
                    "format": "time_series",
                    "interval": "",
                    "intervalFactor": 1,
                    "legendFormat": "Received",
                    "refId": "A"
                },
                {
                    "expr": "- irate(windows_net_bytes_sent_total{instance=~\"$host\",nic!~\"(?i).*(isatap|tunneling).*$\"}[5m]) < 0",
                    "format": "time_series",
                    "intervalFactor": 1,
                    "legendFormat": "Sent",
                    "refId": "B"
                }
            ],
            "thresholds": [],
            "timeFrom": null,
            "timeRegions": [],
            "timeShift": null,
            "title": "Network Traffic | $host",
            "tooltip": {
                "shared": true,
                "sort": 0,
                "value_type": "individual"
            },
            "type": "graph",
            "xaxis": {
                "buckets": null,
                "mode": "time",
                "name": null,
                "show": true,
                "values": []
            },
            "yaxes": [{
                    "decimals": 0,
                    "format": "bytes",
                    "label": "Load",
                    "logBase": 1,
                    "max": null,
                    "min": null,
                    "show": true
                },
                {
                    "format": "short",
                    "label": null,
                    "logBase": 1,
                    "max": null,
                    "min": null,
                    "show": true
                }
            ],
            "yaxis": {
                "align": false,
                "alignLevel": null
            }
        },
        {
            "aliasColors": {},
            "bars": false,
            "dashLength": 10,
            "dashes": false,
            "datasource": "Prometheus",
            "decimals": null,
            "fieldConfig": {
                "defaults": {
                    "custom": {}
                },
                "overrides": []
            },
            "fill": 3,
            "fillGradient": 0,
            "gridPos": {
                "h": 5,
                "w": 12,
                "x": 6,
                "y": 9
            },
            "hiddenSeries": false,
            "id": 32,
            "legend": {
                "alignAsTable": true,
                "avg": false,
                "current": false,
                "max": true,
                "min": false,
                "rightSide": true,
                "show": true,
                "total": true,
                "values": true
            },
            "lines": true,
            "linewidth": 1,
            "links": [],
            "nullPointMode": "null",
            "options": {
                "dataLinks": []
            },
            "percentage": false,
            "pointradius": 2,
            "points": false,
            "renderer": "flot",
            "repeat": "host",
            "repeatDirection": "v",
            "scopedVars": {
                "host": {
                    "selected": true,
                    "text": "10.51.188.101:9182",
                    "value": "10.51.188.101:9182"
                }
            },
            "seriesOverrides": [],
            "spaceLength": 10,
            "stack": false,
            "steppedLine": false,
            "targets": [{
                    "expr": "irate(windows_net_packets_outbound_discarded{instance=~\"$host\",nic!~\"isatap.+\"}[5m]) + irate(windows_net_packets_outbound_errors{instance=~\"$host\"}[5m])",
                    "format": "time_series",
                    "hide": false,
                    "interval": "",
                    "intervalFactor": 1,
                    "legendFormat": "Sent ({{nic}})",
                    "refId": "A"
                },
                {
                    "expr": "irate(windows_net_packets_received_discarded{instance=~\"$host\", nic!~\"isatap.+\"}[5m]) + irate(windows_net_packets_received_errors{instance=~\"$host\"}[5m])",
                    "format": "time_series",
                    "intervalFactor": 1,
                    "legendFormat": "Received ({{nic}})",
                    "refId": "B"
                }
            ],
            "thresholds": [],
            "timeFrom": null,
            "timeRegions": [],
            "timeShift": null,
            "title": "Network discarded/error | $host",
            "tooltip": {
                "shared": true,
                "sort": 0,
                "value_type": "individual"
            },
            "type": "graph",
            "xaxis": {
                "buckets": null,
                "mode": "time",
                "name": null,
                "show": true,
                "values": []
            },
            "yaxes": [{
                    "decimals": 0,
                    "format": "pps",
                    "label": "Load",
                    "logBase": 1,
                    "max": null,
                    "min": null,
                    "show": true
                },
                {
                    "format": "short",
                    "label": null,
                    "logBase": 1,
                    "max": null,
                    "min": null,
                    "show": true
                }
            ],
            "yaxis": {
                "align": false,
                "alignLevel": null
            }
        },
        {
            "aliasColors": {},
            "bars": false,
            "dashLength": 10,
            "dashes": false,
            "datasource": "Prometheus",
            "fieldConfig": {
                "defaults": {
                    "custom": {}
                },
                "overrides": []
            },
            "fill": 3,
            "fillGradient": 0,
            "gridPos": {
                "h": 5,
                "w": 6,
                "x": 18,
                "y": 9
            },
            "hiddenSeries": false,
            "id": 33,
            "legend": {
                "alignAsTable": true,
                "avg": false,
                "current": true,
                "max": false,
                "min": false,
                "rightSide": true,
                "show": true,
                "total": false,
                "values": true
            },
            "lines": true,
            "linewidth": 1,
            "links": [],
            "nullPointMode": "null",
            "options": {
                "dataLinks": []
            },
            "percentage": false,
            "pointradius": 2,
            "points": false,
            "renderer": "flot",
            "repeat": "host",
            "repeatDirection": "v",
            "scopedVars": {
                "host": {
                    "selected": true,
                    "text": "10.51.188.101:9182",
                    "value": "10.51.188.101:9182"
                }
            },
            "seriesOverrides": [],
            "spaceLength": 10,
            "stack": false,
            "steppedLine": false,
            "targets": [{
                "expr": "windows_logical_disk_free_bytes{instance=~\"$host\", volume !~ \"(HarddiskVolume.+|[A-Z]:.+)\"}",
                "format": "time_series",
                "interval": "",
                "intervalFactor": 1,
                "legendFormat": "{{volume}}",
                "refId": "A"
            }],
            "thresholds": [],
            "timeFrom": null,
            "timeRegions": [],
            "timeShift": null,
            "title": "Disk (Free) | $host",
            "tooltip": {
                "shared": true,
                "sort": 0,
                "value_type": "individual"
            },
            "type": "graph",
            "xaxis": {
                "buckets": null,
                "mode": "time",
                "name": null,
                "show": true,
                "values": []
            },
            "yaxes": [{
                    "decimals": 0,
                    "format": "bytes",
                    "label": "",
                    "logBase": 1,
                    "max": null,
                    "min": "0",
                    "show": true
                },
                {
                    "format": "short",
                    "label": null,
                    "logBase": 1,
                    "max": null,
                    "min": null,
                    "show": false
                }
            ],
            "yaxis": {
                "align": false,
                "alignLevel": null
            }
        },
        {
            "columns": [],
            "datasource": null,
            "fieldConfig": {
                "defaults": {
                    "custom": {}
                },
                "overrides": []
            },
            "fontSize": "100%",
            "gridPos": {
                "h": 6,
                "w": 10,
                "x": 0,
                "y": 14
            },
            "id": 45,
            "links": [],
            "pageSize": null,
            "scroll": true,
            "showHeader": true,
            "sort": {
                "col": 0,
                "desc": true
            },
            "styles": [{
                    "alias": "Time",
                    "align": "auto",
                    "dateFormat": "YYYY-MM-DD HH:mm:ss",
                    "pattern": "Time",
                    "type": "hidden"
                },
                {
                    "alias": "Services Name",
                    "align": "auto",
                    "colorMode": "row",
                    "colors": [
                        "rgba(245, 54, 54, 0.9)",
                        "rgba(237, 129, 40, 0.89)",
                        "rgba(50, 172, 45, 0.97)"
                    ],
                    "decimals": 2,
                    "mappingType": 1,
                    "pattern": "name",
                    "preserveFormat": false,
                    "sanitize": false,
                    "thresholds": [],
                    "type": "string",
                    "unit": "short"
                },
                {
                    "alias": "State",
                    "align": "auto",
                    "colorMode": "cell",
                    "colors": [
                        "rgba(245, 54, 54, 0.9)",
                        "rgba(237, 129, 40, 0.89)",
                        "rgba(50, 172, 45, 0.97)"
                    ],
                    "dateFormat": "YYYY-MM-DD HH:mm:ss",
                    "decimals": 2,
                    "link": false,
                    "mappingType": 1,
                    "pattern": "state",
                    "thresholds": [],
                    "type": "string",
                    "unit": "short",
                    "valueMaps": []
                },
                {
                    "alias": "",
                    "align": "auto",
                    "colorMode": null,
                    "colors": [
                        "rgba(245, 54, 54, 0.9)",
                        "rgba(237, 129, 40, 0.89)",
                        "rgba(50, 172, 45, 0.97)"
                    ],
                    "dateFormat": "YYYY-MM-DD HH:mm:ss",
                    "decimals": 2,
                    "mappingType": 1,
                    "pattern": "__name__",
                    "thresholds": [],
                    "type": "hidden",
                    "unit": "short"
                },
                {
                    "alias": "",
                    "align": "auto",
                    "colorMode": null,
                    "colors": [
                        "rgba(245, 54, 54, 0.9)",
                        "rgba(237, 129, 40, 0.89)",
                        "rgba(50, 172, 45, 0.97)"
                    ],
                    "dateFormat": "YYYY-MM-DD HH:mm:ss",
                    "decimals": 2,
                    "link": false,
                    "mappingType": 1,
                    "pattern": "job",
                    "thresholds": [],
                    "type": "hidden",
                    "unit": "short"
                },
                {
                    "alias": "",
                    "align": "auto",
                    "colorMode": null,
                    "colors": [
                        "rgba(245, 54, 54, 0.9)",
                        "rgba(237, 129, 40, 0.89)",
                        "rgba(50, 172, 45, 0.97)"
                    ],
                    "dateFormat": "YYYY-MM-DD HH:mm:ss",
                    "decimals": 2,
                    "mappingType": 1,
                    "pattern": "Value",
                    "thresholds": [],
                    "type": "hidden",
                    "unit": "short"
                }
            ],
            "targets": [{
                "expr": "windows_service_state{instance=~\"$host\"}",
                "format": "table",
                "instant": true,
                "intervalFactor": 1,
                "refId": "A"
            }],
            "timeFrom": null,
            "timeShift": null,
            "title": "Service",
            "transform": "table",
            "type": "table-old"
        },
        {
            "aliasColors": {},
            "bars": false,
            "dashLength": 10,
            "dashes": false,
            "datasource": "Prometheus",
            "fieldConfig": {
                "defaults": {
                    "custom": {}
                },
                "overrides": []
            },
            "fill": 3,
            "fillGradient": 0,
            "gridPos": {
                "h": 6,
                "w": 7,
                "x": 10,
                "y": 14
            },
            "hiddenSeries": false,
            "id": 34,
            "legend": {
                "alignAsTable": true,
                "avg": false,
                "current": true,
                "max": false,
                "min": false,
                "rightSide": true,
                "show": true,
                "total": false,
                "values": true
            },
            "lines": true,
            "linewidth": 1,
            "links": [],
            "nullPointMode": "null",
            "options": {
                "dataLinks": []
            },
            "percentage": false,
            "pointradius": 2,
            "points": false,
            "renderer": "flot",
            "repeat": "host",
            "repeatDirection": "v",
            "scopedVars": {
                "host": {
                    "selected": true,
                    "text": "10.51.188.101:9182",
                    "value": "10.51.188.101:9182"
                }
            },
            "seriesOverrides": [],
            "spaceLength": 10,
            "stack": false,
            "steppedLine": false,
            "targets": [{
                    "expr": "- irate(windows_logical_disk_write_bytes_total{instance=~\"$host\", volume !~ \"(HarddiskVolume.+|[A-Z]:.+)\"}[5m]) < 0",
                    "format": "time_series",
                    "interval": "",
                    "intervalFactor": 1,
                    "legendFormat": "Write {{volume}}",
                    "refId": "A"
                },
                {
                    "expr": "irate(windows_logical_disk_read_bytes_total{instance=~\"$host\", volume !~ \"(HarddiskVolume.+|[A-Z]:.+)\"}[5m]) > 0",
                    "format": "time_series",
                    "intervalFactor": 1,
                    "legendFormat": "Read {{volume}}",
                    "refId": "B"
                }
            ],
            "thresholds": [],
            "timeFrom": null,
            "timeRegions": [],
            "timeShift": null,
            "title": "Disk Activity | $host",
            "tooltip": {
                "shared": true,
                "sort": 0,
                "value_type": "individual"
            },
            "type": "graph",
            "xaxis": {
                "buckets": null,
                "mode": "time",
                "name": null,
                "show": true,
                "values": []
            },
            "yaxes": [{
                    "decimals": 0,
                    "format": "bytes",
                    "label": "",
                    "logBase": 1,
                    "max": null,
                    "min": null,
                    "show": true
                },
                {
                    "format": "short",
                    "label": null,
                    "logBase": 1,
                    "max": null,
                    "min": null,
                    "show": false
                }
            ],
            "yaxis": {
                "align": false,
                "alignLevel": null
            }
        },
        {
            "aliasColors": {},
            "bars": false,
            "dashLength": 10,
            "dashes": false,
            "datasource": "Prometheus",
            "fieldConfig": {
                "defaults": {
                    "custom": {}
                },
                "overrides": []
            },
            "fill": 3,
            "fillGradient": 0,
            "gridPos": {
                "h": 6,
                "w": 7,
                "x": 17,
                "y": 14
            },
            "hiddenSeries": false,
            "id": 39,
            "legend": {
                "alignAsTable": true,
                "avg": true,
                "current": false,
                "max": false,
                "min": false,
                "rightSide": true,
                "show": true,
                "total": false,
                "values": true
            },
            "lines": true,
            "linewidth": 1,
            "links": [],
            "nullPointMode": "null",
            "options": {
                "dataLinks": []
            },
            "percentage": false,
            "pointradius": 2,
            "points": false,
            "renderer": "flot",
            "repeat": "host",
            "repeatDirection": "v",
            "scopedVars": {
                "host": {
                    "selected": true,
                    "text": "10.51.188.101:9182",
                    "value": "10.51.188.101:9182"
                }
            },
            "seriesOverrides": [],
            "spaceLength": 10,
            "stack": false,
            "steppedLine": false,
            "targets": [{
                    "expr": "- irate(windows_logical_disk_write_seconds_total{instance=~\"$host\", volume !~ \"(HarddiskVolume.+|[A-Z]:.+)\"}[5m]) < 0",
                    "format": "time_series",
                    "interval": "",
                    "intervalFactor": 1,
                    "legendFormat": "Write {{volume}}",
                    "refId": "A"
                },
                {
                    "expr": "irate(windows_logical_disk_read_seconds_total{instance=~\"$host\", volume !~ \"(HarddiskVolume.+|[A-Z]:.+)\"}[5m]) > 0",
                    "format": "time_series",
                    "intervalFactor": 1,
                    "legendFormat": "Read {{volume}}",
                    "refId": "B"
                }
            ],
            "thresholds": [],
            "timeFrom": null,
            "timeRegions": [],
            "timeShift": null,
            "title": "Disk IO | $host",
            "tooltip": {
                "shared": true,
                "sort": 0,
                "value_type": "individual"
            },
            "type": "graph",
            "xaxis": {
                "buckets": null,
                "mode": "time",
                "name": null,
                "show": true,
                "values": []
            },
            "yaxes": [{
                    "decimals": 0,
                    "format": "bytes",
                    "label": "",
                    "logBase": 1,
                    "max": null,
                    "min": null,
                    "show": true
                },
                {
                    "format": "short",
                    "label": null,
                    "logBase": 1,
                    "max": null,
                    "min": null,
                    "show": false
                }
            ],
            "yaxis": {
                "align": false,
                "alignLevel": null
            }
        }
    ],
    "refresh": "5s",
    "schemaVersion": 25,
    "style": "dark",
    "tags": [
        "windows_exporter",
        "windows",
        "ops",
        "prometheus",
        "monitor"
    ],
    "templating": {
        "list": [{
                "allValue": null,
                "current": {
                    "selected": false,
                    "text": "windows",
                    "value": "windows"
                },
                "datasource": "Prometheus",
                "definition": "label_values(windows_os_time, job)",
                "hide": 2,
                "includeAll": false,
                "label": "",
                "multi": false,
                "name": "job",
                "options": [],
                "query": "label_values(windows_os_time, job)",
                "refresh": 1,
                "regex": "",
                "skipUrlSync": false,
                "sort": 1,
                "tagValuesQuery": "",
                "tags": [],
                "tagsQuery": "",
                "type": "query",
                "useTags": false
            },
            {
                "allValue": "",
                "current": {
                    "selected": false,
                    "text": "10.51.188.101:9182",
                    "value": "10.51.188.101:9182"
                },
                "datasource": "Prometheus",
                "definition": "label_values(windows_os_time{job=~\"$job\"},instance)",
                "hide": 0,
                "includeAll": false,
                "label": "Windows Server",
                "multi": false,
                "name": "host",
                "options": [],
                "query": "label_values(windows_os_time{job=~\"$job\"},instance)",
                "refresh": 1,
                "regex": "/([^]+)/",
                "skipUrlSync": false,
                "sort": 1,
                "tagValuesQuery": "",
                "tags": [],
                "tagsQuery": "",
                "type": "query",
                "useTags": false
            }
        ]
    },
    "time": {
        "from": "now-3h",
        "to": "now"
    },
    "timepicker": {
        "hidden": false,
        "refresh_intervals": [
            "10s",
            "30s",
            "1m",
            "5m",
            "15m",
            "30m",
            "1h",
            "2h",
            "1d"
        ],
        "time_options": [
            "5m",
            "15m",
            "1h",
            "6h",
            "12h",
            "24h",
            "2d",
            "7d",
            "30d"
        ]
    },
    "timezone": "browser",
    "title": "Windows Server Monitor",
    "uid": "dinhchau_win_monitor",
    "version": 5
}